{
   "block":{
      "varDeclaration":[
         {
            "type":"type 0.1",
            "name":"a50",
            "location": "1"
         },
         {
            "type":"type 0.2",
            "name":"a2",
            "location": "2"
         }
      ],
      "varUsage":[
         {
            "name":"a50",
            "value":"3",
            "location": "3"
         },
         {
            "name":"a2",
            "value":"5",
            "location": "4"
         }
      ],
      "blocks": [

        {
           "block":{
              "varDeclaration":[
                 {
                    "type":"type 1.1",
                    "name":"a1",
                    "location": "5"
                 },
                 {
                    "type":"type 1.2",
                    "name":"a2",
                    "location": "6"
                 }
              ],
              "varUsage":[
                 {
                    "name":"a50",
                    "value":"3",
                    "location": "7"
                 },
                 {
                    "name":"a2",
                    "value":"5",
                    "location": "8"
                 }
              ],
              "blocks": [

                 {
                    "block":{
                       "varDeclaration":[
                          {
                             "type":"type 3.1",
                             "name":"a1",
                             "location": "9"
                          },
                          {
                             "type":"type 3.2",
                             "name":"a2",
                             "location": "10"
                          }
                       ],
                       "varUsage":[
                          {
                             "name":"a1",
                             "value":"3",
                             "location": "11"
                          },
                          {
                             "name":"a2",
                             "value":"5",
                             "location": "12"
                          }
                       ],
                       "blocks": [

                
                         
                         
                         
                       ]
                    }
                 }
                 ,
                 {
                  "block":{
                     "varDeclaration":[
                        {
                           "type":"type 3.5",
                           "name":"a1",
                           "location": "9"
                        },
                        {
                           "type":"type 3.6",
                           "name":"a2",
                           "location": "10"
                        }
                     ],
                     "varUsage":[
                        {
                           "name":"a1",
                           "value":"3",
                           "location": "11"
                        },
                        {
                           "name":"a2",
                           "value":"5",
                           "location": "12"
                        }
                     ],
                     "blocks": [

              
                       
                       
                       
                     ]
                  }
               }
       
                
                
                
              ]
           }
        },
        {
           "block":{
              "varDeclaration":[
                 {
                    "type":"type 1.3",
                    "name":"a1",
                    "location": "13"
                 },
                 {
                    "type":"type 1.4",
                    "name":"a2",
                    "location": "14"
                 }
              ],
              "varUsage":[
                 {
                    "name":"a1",
                    "value":"3",
                    "location": "15"
                 },
                 {
                    "name":"a2",
                    "value":"5",
                    "location": "16"
                 }
              ],
              "blocks": [

                 {
                    "block":{
                       "varDeclaration":[
                          {
                             "type":"type 3.3",
                             "name":"a1",
                             "location": "17"
                          },
                          {
                             "type":"type 3.4",
                             "name":"a2",
                             "location": "18"
                          }
                       ],
                       "varUsage":[
                          {
                             "name":"a1",
                             "value":"3",
                             "location": "19"
                          },
                          {
                             "name":"a2",
                             "value":"5",
                             "location": "20"
                          }
                       ],
                       "blocks": [

                
                         
                         
                         
                       ]
                    }
                 }
                
                
              ]
           }
        }

        
        
        
      ]
   }
}