<?xml version="1.0" encoding="UTF-8"?>
<project-private xmlns="http://www.netbeans.org/ns/project-private/1">
    <editor-bookmarks xmlns="http://www.netbeans.org/ns/editor-bookmarks/2" lastBookmarkId="1">
        <file>
            <url>src/compiler/parser/LexerCup.flex</url>
            <bookmark id="1">
                <name/>
                <line>12</line>
                <key/>
            </bookmark>
        </file>
    </editor-bookmarks>
    <open-files xmlns="http://www.netbeans.org/ns/projectui-open-files/2">
        <group>
            <file>file:/Users/carlosalvarado/Desktop/CompiladoresLabs/grupo3/class/src/entrada.txt</file>
            <file>file:/Users/carlosalvarado/Desktop/CompiladoresLabs/grupo3/class/src/compiler/semantic/Semantic.java</file>
            <file>file:/Users/carlosalvarado/Desktop/CompiladoresLabs/grupo3/class/src/Compiler.java</file>
            <file>file:/Users/carlosalvarado/Desktop/CompiladoresLabs/grupo3/class/src/compiler/semantic/Sintax.cup</file>
        </group>
    </open-files>
</project-private>
